{
  "accuracy": [
    0.4140625,
    0.51953125,
    0.55078125,
    0.63671875,
    0.69140625,
    0.71484375,
    0.78515625,
    0.80078125,
    0.8359375,
    0.7890625,
    0.83984375,
    0.82421875,
    0.859375,
    0.83984375,
    0.7578125,
    0.84765625,
    0.8828125,
    0.890625,
    0.87890625,
    0.81640625,
    0.90234375,
    0.9375,
    0.86328125,
    0.8671875,
    0.91015625,
    0.9296875
  ],
  "val_accuracy": [
    0.71875,
    0.484375,
    0.5,
    0.59375,
    0.75,
    0.734375,
    0.796875,
    0.828125,
    0.828125,
    0.75,
    0.8125,
    0.890625,
    0.90625,
    0.625,
    0.859375,
    0.921875,
    0.859375,
    0.921875,
    0.78125,
    0.90625,
    0.890625,
    0.84375,
    0.875,
    0.90625,
    0.921875,
    0.921875
  ],
  "loss": [
    1.2140191793441772,
    0.8759607672691345,
    0.875442385673523,
    0.728014349937439,
    0.6723096370697021,
    0.6137309670448303,
    0.5522196292877197,
    0.5106607675552368,
    0.4422682821750641,
    0.47530272603034973,
    0.45855066180229187,
    0.43903568387031555,
    0.3809298574924469,
    0.4940946400165558,
    0.5993077754974365,
    0.4147316515445709,
    0.3050127625465393,
    0.3020670413970947,
    0.34213492274284363,
    0.4394017457962036,
    0.2753499448299408,
    0.2069326937198639,
    0.32394957542419434,
    0.34928593039512634,
    0.2526892423629761,
    0.21946674585342407
  ],
  "val_loss": [
    0.8482685089111328,
    0.969235360622406,
    0.817642331123352,
    0.7764776349067688,
    0.6278172731399536,
    0.5496207475662231,
    0.4951411187648773,
    0.4340440034866333,
    0.38100698590278625,
    0.5975840091705322,
    0.4566691517829895,
    0.37602341175079346,
    0.3437439799308777,
    0.7970067262649536,
    0.5224146842956543,
    0.31996282935142517,
    0.4425092339515686,
    0.3113943934440613,
    0.5329169631004333,
    0.3208135962486267,
    0.3012659549713135,
    0.4593770503997803,
    0.2900804281234741,
    0.27507930994033813,
    0.2849266529083252,
    0.2300310730934143
  ]
}