{
  "accuracy": 0.5728155339805825,
  "confusion_matrix": [
    [
      11,
      2,
      0,
      10
    ],
    [
      12,
      1,
      0,
      4
    ],
    [
      5,
      1,
      0,
      0
    ],
    [
      4,
      1,
      5,
      47
    ]
  ],
  "classification_report": {
    "volley": {
      "precision": 0.34375,
      "recall": 0.4782608695652174,
      "f1-score": 0.4,
      "support": 23.0
    },
    "neutral": {
      "precision": 0.2,
      "recall": 0.058823529411764705,
      "f1-score": 0.09090909090909091,
      "support": 17.0
    },
    "forehand": {
      "precision": 0.0,
      "recall": 0.0,
      "f1-score": 0.0,
      "support": 6.0
    },
    "backhand": {
      "precision": 0.7704918032786885,
      "recall": 0.8245614035087719,
      "f1-score": 0.7966101694915254,
      "support": 57.0
    },
    "accuracy": 0.5728155339805825,
    "macro avg": {
      "precision": 0.3285604508196721,
      "recall": 0.3404114506214385,
      "f1-score": 0.32187981510015407,
      "support": 103.0
    },
    "weighted avg": {
      "precision": 0.5361580853095654,
      "recall": 0.5728155339805825,
      "f1-score": 0.5451673223929271,
      "support": 103.0
    }
  },
  "present_labels": [
    0,
    1,
    2,
    3
  ],
  "present_class_names": [
    "volley",
    "neutral",
    "forehand",
    "backhand"
  ]
}