{
  "accuracy": [
    0.20388349890708923,
    0.40776699781417847,
    0.3106796145439148,
    0.41747573018074036,
    0.6019417643547058,
    0.41747573018074036,
    0.7669903039932251,
    0.6310679316520691,
    0.553398072719574,
    0.7669903039932251,
    0.8058252334594727,
    0.8155339956283569,
    0.8349514603614807,
    0.8349514603614807,
    0.8737863898277283,
    0.844660222530365,
    0.8252426981925964,
    0.6601941585540771,
    0.7572815418243408,
    0.7281553149223328,
    0.893203854560852,
    0.9126213788986206,
    0.9611650705337524,
    0.844660222530365,
    0.9417475461959839,
    0.9708737730979919,
    0.9417475461959839,
    0.9611650705337524,
    0.9708737730979919,
    0.9902912378311157
  ],
  "val_accuracy": [
    0.5,
    0.42307692766189575,
    0.38461539149284363,
    0.6153846383094788,
    0.3461538553237915,
    0.5769230723381042,
    0.5384615659713745,
    0.807692289352417,
    0.692307710647583,
    0.7692307829856873,
    0.7307692170143127,
    0.8461538553237915,
    0.7692307829856873,
    0.8461538553237915,
    0.8461538553237915,
    0.8846153616905212,
    0.692307710647583,
    0.692307710647583,
    0.6538461446762085,
    0.9230769276618958,
    0.8461538553237915,
    0.8461538553237915,
    0.7692307829856873,
    0.807692289352417,
    0.8461538553237915,
    0.8461538553237915,
    0.9230769276618958,
    0.8461538553237915,
    0.8461538553237915,
    0.807692289352417
  ],
  "loss": [
    1.4400426149368286,
    1.3586945533752441,
    1.3762362003326416,
    1.3654383420944214,
    1.2806639671325684,
    1.2657362222671509,
    1.11729896068573,
    1.0330088138580322,
    1.0714460611343384,
    0.8600595593452454,
    0.7206903696060181,
    0.5675304532051086,
    0.550870954990387,
    0.5133106112480164,
    0.4482215940952301,
    0.4889109432697296,
    0.4608038067817688,
    0.6439787745475769,
    0.6412630677223206,
    0.5446724891662598,
    0.3038441240787506,
    0.36848413944244385,
    0.22436025738716125,
    0.24203917384147644,
    0.12678390741348267,
    0.1417417824268341,
    0.11367903649806976,
    0.09312979131937027,
    0.07820526510477066,
    0.06382519006729126
  ],
  "val_loss": [
    1.3267995119094849,
    1.326712727546692,
    1.2963460683822632,
    1.2388014793395996,
    1.2909399271011353,
    0.9992464780807495,
    1.0955629348754883,
    0.7129079103469849,
    0.7420730590820312,
    0.6150313019752502,
    0.7290820479393005,
    0.5327048897743225,
    0.4700775742530823,
    0.44210800528526306,
    0.42610251903533936,
    0.37473514676094055,
    0.9180476069450378,
    0.8149542212486267,
    0.7584360837936401,
    0.3693656325340271,
    0.4548422396183014,
    0.3448052406311035,
    0.5555001497268677,
    0.38075366616249084,
    0.3673800826072693,
    0.47470253705978394,
    0.2893885374069214,
    0.30580267310142517,
    0.3077654242515564,
    0.3664933443069458
  ]
}